Product URL,Brand,Product Name,Price,Currency,Original Price,Discount Percentage,Image URL,Available Sizes,Label,Description,Composition Outer,Composition Lining,Washing Instructions,Model Info,Farfetch ID,Brand Style ID
https://www.farfetch.com/cn/shopping/women/lemaire-double-breasted-belted-coat-item-33858800.aspx,LEMAIRE,double-breasted belted coat,12900,CNY,,,https://cdn-images.farfetch-contents.com/33/85/88/00/33858800_64673320_480.jpg,"XS,S,M",New Season,"LEMAIRE new-season double-breasted belted coat in green. Cotton, water-repellent, features a belt, button fastening, and tab cuffs.",Cotton,,Read Manufacturer Guidelines,,33858800.0,OW1203LF1570
https://www.farfetch.com/cn/shopping/women/khaite-sybil-midi-skirt-item-34321704.aspx,KHAITE,Sybil midi skirt,15905,CNY,,,https://cdn-images.farfetch-contents.com/34/32/17/04/34321704_65571518_480.jpg,"XS,M",New Season,"KHAITE Sybil midi skirt. Black layered design. Made in Italy. Highlights: black; layered design. Composition: Acetate 83%, Viscose 17%. Washing instructions: Dry Clean Only. FARFETCH ID: 34321704. Brand style ID: 41844070. The origin of the goods may vary from batch to batch.","Acetate 83%, Viscose 17%",,Dry Clean Only,,34321704.0,41844070
https://www.farfetch.com/cn/shopping/women/miu-miu-v-neck-logo-vest-item-33763028.aspx,Miu Miu,V-neck logo vest,13200,CNY,,,https://cdn-images.farfetch-contents.com/33/76/30/28/33763028_64563130_480.jpg,"XXS,XS,S,M,L,XL,XXL",Runway,"Miu Miu V-neck logo vest in grey with front button closure, patch pockets, sleeveless, intarsia logo, V-neck.",Cashmere 100%,,Read Manufacturer Guidelines,,33763028.0,MMV380SOOO19RL
https://www.farfetch.com/cn/shopping/women/miu-miu-striped-half-zipper-chenille-sweater-item-33409271.aspx,Miu Miu,striped half-zipper chenille sweater,20800,CNY,,,https://cdn-images.farfetch-contents.com/33/40/92/71/33409271_64094200_480.jpg,"XXS,XS,S,M,L",New Season,"Striped blue chenille sweater with a half-zip closure by Miu Miu. Features striped design, ribbed knit, logo patch, long sleeves. Composition: viscose 63%, polyamide 37%. New Season.","Viscose 63%, Polyamide 37%",,Read Manufacturer Guidelines,,33409271.0,MMR465SOOO185M
https://www.farfetch.com/cn/shopping/women/miu-miu-leather-blouson-jacket-item-33382532.aspx,Miu Miu,leather blouson jacket,53000,CNY,,,https://cdn-images.farfetch-contents.com/33/38/25/32/33382532_64080155_480.jpg,"XXS,XS,S,M,L,XL",New Season,"Miu Miu leather blouson jacket in brown, featuring a lettering logo, regular fit, zip closure, shirt-style collar and elasticated hem. Goat skin 100%.",Goat Skin 100%,,Specialist Cleaning,,33382532.0,MPW009SOOO19E6
https://www.farfetch.com/cn/shopping/women/self-portrait-pointelle-peplum-knit-mini-dress-item-32872187.aspx,Self-Portrait,pointelle peplum knit mini dress,4032,CNY,,,https://cdn-images.farfetch-contents.com/32/87/21/87/32872187_65525248_480.jpg,"XS,S,M,L",New Season,"Self-Portrait pointelle peplum knit mini dress - blue - features pointelle knit, ruffled trim, collar, button fastening, and lace trim.","Viscose 74%, Polyamide 20%, Polyester 6%","Viscose 77%, Polyamide 23%",Specialist Cleaning,The model is 1.78 m.,32872187.0,SS26049SABL
https://www.farfetch.com/cn/shopping/women/doen-pascual-contrast-collar-coat-item-33288073.aspx,DÔEN,Pascual contrast-collar coat,3813,CNY,,,https://cdn-images.farfetch-contents.com/33/28/80/73/33288073_65784825_480.jpg,"XS,S,M,L,XL",New Season,"DÔEN Pascual contrast-collar coat in light yellow with a contrast collar. Features button fastening, chest pocket, front pockets and topstitching. New Season.",Cotton,,Machine Wash,The model is 1.78 m wearing size M,33288073.0,15425092
https://www.farfetch.com/cn/shopping/women/doen-ashlynn-floral-print-midi-dress-item-33287646.aspx,DÔEN,Ashlynn floral-print midi dress,2406,CNY,,,https://cdn-images.farfetch-contents.com/33/28/76/46/33287646_65842485_480.jpg,"XS,S,M,L",New Season,"DÔEN Ashlynn floral-print midi dress in yellow with a floral print, scoop neck, short sleeves and midi length. Made from Organic Cotton.",Organic Cotton,,Hand Wash,The model is 1.78 m wearing size S,33287646.0,38362940
https://www.farfetch.com/cn/shopping/women/valentino-garavani-wool-crepe-caban-item-34079155.aspx,Valentino Garavani,wool crepe caban,39000,CNY,,,https://cdn-images.farfetch-contents.com/34/07/91/55/34079155_65226193_480.jpg,"XXS,XS,S,L,XL",Runway,"Valentino Garavani wool crepe caban – coat with contrasting crepe satin edges and bow; patch pockets; padded shoulders; front closure with press studs; Made in Italy. Outer: Virgin Wool; Lining: Acetate 74%, Silk 26%.",Virgin Wool,"Acetate 74%, Silk 26%",Read Manufacturer Guidelines,,34079155.0,BCJ4529Q0
https://www.farfetch.com/cn/shopping/women/prada-printed-pleated-ponge-dress-item-34366260.aspx,Prada,printed pleated pongé dress,35500,CNY,,,https://cdn-images.farfetch-contents.com/34/36/62/60/34366260_65509398_480.jpg,"S,M",New Season,Prada printed pleated pongé dress. This dress with sophisticated lightness combines retro charm and contemporary notes. The short-sleeved shirtdress silhouette is defined by feminine details and dynamic notes like the pleated skirt and the refined floral print.,Viscose 100%,,Read Manufacturer Guidelines,,34366260.0,P3R33SOOO19CO
https://www.farfetch.com/cn/shopping/women/lemaire-belted-shirt-dress-item-33858748.aspx,LEMAIRE,belted shirt dress,6900,CNY,,,https://cdn-images.farfetch-contents.com/33/85/87/48/33858748_64683569_480.jpg,"XS,S,M",New Season,"New Season LEMAIRE belted shirt dress. Round neck, belt, long sleeves with slip pockets and panelled construction.",,,Read Manufacturer Guidelines; washing method subject to the commercial washing standard.,,33858748.0,DR1133LF1207
https://www.farfetch.com/cn/shopping/women/sister-jane-kelly-bow-chain-dress-item-33198941.aspx,Sister Jane,Kelly bow chain dress,1092,CNY,,,https://cdn-images.farfetch-contents.com/33/19/89/41/33198941_63718511_480.jpg,"M,L,XL",New Season,"Sister Jane Kelly bow chain dress in black with bow detail and chain straps. Fitted waist with concealed zip fastening and straight hem. Outer: Polyester. Lining: Polyester 97%, Elastane 3%. FARFETCH ID: 33198941; Brand style ID: DR2375BLKGBP.",Polyester,"Polyester 97%, Elastane 3%",Read Manufacturer Guidelines; washing method subject to commercial washing standard,,33198941.0,DR2375BLKGBP
https://www.farfetch.com/cn/shopping/women/rotate-birger-christensen-jacquard-crew-neck-midi-dress-item-33906356.aspx,ROTATE BIRGER CHRISTENSEN,jacquard crew-neck midi dress,3005,CNY,,,https://cdn-images.farfetch-contents.com/33/90/63/56/33906356_65842611_480.jpg,"XXS,XS,S,M,L,XL,XXL",New Season,"ROTATE BIRGER CHRISTENSEN jacquard crew-neck midi dress in light blue with a sleeveless, round-neck silhouette. Outer: recycled polyester 55%, elastomultiester 40%, polyester 5%; lining: viscose 97%, elastane 3%. Washing: Machine Wash. Model is 1.78 m tall, wearing size 36. FARFETCH ID 33906356; Brand style ID 1155122000.","Recycled Polyester 55%, Elastomultiester 40%, Polyester 5%","Viscose 97%, Elastane 3%",Machine Wash,The model is 1.78 m wearing size 36,33906356.0,1155122000
https://www.farfetch.com/cn/shopping/women/rixo-pippa-bow-collared-knitted-top-item-33199817.aspx,Rixo,Pippa bow collared knitted top,2524,CNY,,,https://cdn-images.farfetch-contents.com/33/19/98/17/33199817_64438734_480.jpg,"XS,S,M,L,XL",New Season,Rixo Pippa bow collared knitted top. New Season. Pippa bow collared knitted top. Highlights: deep navy and white; collared; bow; rib knit. Composition: Cotton. Washing instructions: Hand Wash.,Cotton,,Hand Wash,,33199817.0,030054981260A
https://www.farfetch.com/cn/shopping/women/sandro-textured-knit-dress-item-32551991.aspx,SANDRO,textured-knit dress,4030,CNY,,,https://cdn-images.farfetch-contents.com/32/55/19/91/32551991_63368499_480.jpg,"XS,S,M,L,XL,XXL",New Season,"SANDRO textured-knit dress, New Season, featuring gold-tone textured knit with metallic fibre, crew neck, short sleeves, decorative flower buttons, and a flared skirt.","Viscose 52%, Polyamide 40%, Metallic Fibre 6%, Lycra 2%",,Hand Wash,The model is 1.78 m tall.,32551991.0,SFPRO04656
https://www.farfetch.com/cn/shopping/women/claudie-pierlot-sleeveless-wool-top-item-30452821.aspx,Claudie Pierlot,sleeveless wool top,1081,CNY,2160.0,-50%,https://cdn-images.farfetch-contents.com/30/45/28/21/30452821_60023611_480.jpg,L,Final Sale,Claudie Pierlot sleeveless wool top in beige wool knit with a removable striped collar and ribbed hem.,"Wool 80%, Polyamide 20%",,Read Manufacturer Guidelines,,30452821.0,CFPPU01220
https://www.farfetch.com/cn/shopping/women/self-portrait-halterneck-maxi-dress-item-34648472.aspx,Self-Portrait,halterneck maxi dress,5754,CNY,,,https://cdn-images.farfetch-contents.com/34/64/84/72/34648472_65792590_480.jpg,"S,M,L,XL",New Season,"Self-Portrait halterneck maxi dress in pink with draped detailing, cowl neck and sleeveless silhouette.","Acetate 68%, Polyester 32%",Polyester,Read Manufacturer Guidelines,,34648472.0,SS26255XP
https://www.farfetch.com/cn/shopping/women/aje-cleo-ruffled-tiered-mini-dress-item-31888902.aspx,Aje,Cleo ruffled tiered mini dress,3296,CNY,,,https://cdn-images.farfetch-contents.com/31/88/89/02/31888902_64587986_480.jpg,"XS,S,M,L",New Season,"Cleo ruffled tiered mini dress in blue; sleeveless; features ruffled details, tiered design, and gold-tone embellishment; rear zip fastening. Composition: Polyester. Washing instructions: Dry Clean Only.",Polyester,,Dry Clean Only,,31888902.0,26RE5283
https://www.farfetch.com/cn/shopping/women/barbour-beadnell-wax-cotton-jacket-item-16010444.aspx,Barbour,Beadnell wax cotton jacket,2557,CNY,,,https://cdn-images.farfetch-contents.com/16/01/04/44/16010444_30237041_480.jpg,"XXS,XS,M,L,XL",New Season,"Beadnell wax cotton jacket olive green with cutaway collar, front zip fastening, long sleeves and two side flap pockets.",Cotton,"Cotton, Polyester",Dry Clean Only,The model is 1.78 m wearing size 8,16010444.0,LWX0668OL71
https://www.farfetch.com/cn/shopping/women/isabel-marant-aneli-zip-pocket-jacket-item-31073710.aspx,ISABEL MARANT,Aneli zip pocket jacket,25553,CNY,,,https://cdn-images.farfetch-contents.com/31/07/37/10/31073710_63519177_480.jpg,"XS,M",New Season,"ISABEL MARANT Aneli zip pocket jacket. New Season. Highlights: terracotta, zip fastening, chest pockets, long sleeves. Composition: Outer: Lambskin; Lining: Viscose, Cotton, Polyester. Washing: Specialist Cleaning. Model: The model is 1.78 m. FARFETCH ID: 31073710. Brand style ID: VE0497FCC2B08I.",Lambskin,"Viscose, Cotton, Polyester",Specialist Cleaning,The model is 1.78 m.,31073710.0,VE0497FCC2B08I
https://www.farfetch.com/cn/shopping/women/sandro-sequin-embellished-short-sleeve-blazer-item-32958353.aspx,SANDRO,sequin-embellished short-sleeve blazer,4030,CNY,,,https://cdn-images.farfetch-contents.com/32/95/83/53/32958353_63434605_480.jpg,"XS,S,M,L",New Season,SANDRO sequin-embellished short-sleeve blazer,"Cotton 50%, Polyester 50%",Viscose,Dry Clean Only,,32958353.0,SFPVE01282
https://www.farfetch.com/cn/shopping/women/ganni-graphic-print-t-shirt-item-32270763.aspx,GANNI,graphic-print T-shirt,794,CNY,,,https://cdn-images.farfetch-contents.com/32/27/07/63/32270763_62238994_480.jpg,"XXS,XS,S,M,L,XL",New Season,"GANNI graphic-print T-shirt, grey, cotton, round neck, short sleeves.",Cotton,,Read Manufacturer Guidelines,,32270763.0,A1050070
https://www.farfetch.com/cn/shopping/women/gallery-dept-live-for-metal-cotton-t-shirt-item-32029751.aspx,GALLERY DEPT.,Live For Metal cotton T-shirt,1354,CNY,3913.0,-65%,https://cdn-images.farfetch-contents.com/32/02/97/51/32029751_61767483_480.jpg,"S,M,L,XL,XXL",Final Sale,"GALLERY DEPT. Live For Metal cotton T-shirt in black, featuring a dagger and bat print, 'live for metal' text and back logo print; 100% cotton. Made in United States. Final Sale.",Cotton,,Read Manufacturer Guidelines,,32029751.0,LFM10287VBLK
https://www.farfetch.com/cn/shopping/women/ami-paris-ami-de-coeur-logo-detail-tank-top-item-33116232.aspx,AMI Paris,Ami De Coeur logo-detail tank top,1126,CNY,,,https://cdn-images.farfetch-contents.com/33/11/62/32/33116232_63529974_480.jpg,"XXS,XS,S,M,L,XL,XXL",New Season,Ami De Coeur logo-detail tank top,"Cotton 98%, Lycra 2%",,Read Manufacturer Guidelines,,33116232.0,E26FTP811JE0117
https://www.farfetch.com/cn/shopping/women/ganni-printed-sweatshirt-item-27553127.aspx,GANNI,printed sweatshirt,1149,CNY,2295.0,-50%,https://cdn-images.farfetch-contents.com/27/55/31/27/27553127_57452936_480.jpg,"L,XXL",Final Sale,"GANNI printed sweatshirt in grey with crew neck, drop shoulder, long sleeves; organic cotton.",Organic Cotton,,Read Manufacturer Guidelines,,27553127.0,T4284
https://www.farfetch.com/cn/shopping/women/our-legacy-treble-cut-wide-leg-jeans-item-34288183.aspx,OUR LEGACY,Treble Cut wide-leg jeans,4057,CNY,,,https://cdn-images.farfetch-contents.com/34/28/81/83/34288183_65323654_480.jpg,"XS,S,M",New Season,"Treble Cut wide-leg jeans by OUR LEGACY, blue, with belt loops, five pockets, wide-leg silhouette; composed of cotton and hemp.","Cotton 64%, Hemp 36%",,Read Manufacturer Guidelines,,34288183.0,W2265TRO
https://www.farfetch.com/cn/shopping/women/zimmermann-rebellion-button-floral-mini-dress-item-32842080.aspx,ZIMMERMANN,Rebellion button floral mini dress,9461,CNY,,,https://cdn-images.farfetch-contents.com/32/84/20/80/32842080_65467647_480.jpg,"XS,S,M,L,XL,XXL",New Season,"Rebellion button floral mini dress in light blue with a floral print; features rouleau buttons on the front, raised collar, removable scarf belt, flared skirt, and back zip closure. New Season. Composition: Linen/Flax, Polyester, Silk. Washing: Dry Clean Only.","Linen/Flax, Polyester, Silk",,Dry Clean Only,,32842080.0,9142DC261
https://www.farfetch.com/cn/shopping/women/twinset-tiered-tulle-skirt-item-32867047.aspx,TWINSET,tiered tulle skirt,2319,CNY,,,https://cdn-images.farfetch-contents.com/32/86/70/47/32867047_63998071_480.jpg,"XS,S,M,XL,XXL",New Season,tiered tulle skirt in mocha brown by TWINSET; polyester fabric with zip fastening.,Polyester,,Read Manufacturer Guidelines,,32867047.0,261TP2773
https://www.farfetch.com/cn/shopping/women/moncler-padded-snap-pockets-jacket-item-16160479.aspx,Moncler,padded snap pockets jacket,10093,CNY,,,https://cdn-images.farfetch-contents.com/16/16/04/79/16160479_30672995_480.jpg,"XXS,XS,S,M,L,XL,XXL",New Season,"Moncler padded snap pockets jacket. Filled with down, this Lans puffer jacket from Moncler is designed for warmth without compromising on style.",Polyamide,"Polyamide, Down 90%, Feather Down 10%",Hand Wash,The model is 1.78 m wearing size 1,16160479.0,L10931A1010053048
https://www.farfetch.com/cn/shopping/women/farm-rio-marcelle-floral-belted-midi-dress-item-32260812.aspx,FARM Rio,Marcelle floral belted midi dress,2568,CNY,,,https://cdn-images.farfetch-contents.com/32/26/08/12/32260812_64548026_480.jpg,"XS,S,M,L",New Season,"Marcelle floral belted midi dress by FARM Rio; light green floral print, long sleeves, collar, belt",Rayon,Viscose,Machine Wash,The model is 1.8 m tall.,32260812.0,344002
https://www.farfetch.com/cn/shopping/women/prada-striped-crew-neck-t-shirt-item-33314014.aspx,Prada,striped crew-neck T-shirt,15700,CNY,,,https://cdn-images.farfetch-contents.com/33/31/40/14/33314014_64295834_480.jpg,"XXS,XS,S,M",New Season,"Prada striped crew-neck T-shirt, new season, cotton 100%, bright red stripes with embroidery detail, short sleeves.",Cotton 100%,,Dry Clean Only,The model is 1.8 m.,33314014.0,P24B3HSOOO19BR
https://www.farfetch.com/cn/shopping/women/chloe-logo-print-crop-top-item-24115255.aspx,Chloé,logo-print crop top,1850,CNY,3700.0,-50%,https://cdn-images.farfetch-contents.com/24/11/52/55/24115255_54191033_480.jpg,"XS,S,M,L",Partially Owned,"Chloé logo-print crop top. Made in Italy. White/grey cotton cropped top with a front logo print, drop shoulder, round neck, three-quarter sleeves, straight hem. The origin of the goods may vary from batch to batch.",Cotton,,Machine Wash,,24115255.0,CH24AJH09183
https://www.farfetch.com/cn/shopping/women/jacquemus-the-bahia-mini-dress-item-19069562.aspx,Jacquemus,The Bahia mini dress,2909,CNY,4740.0,-35%,https://cdn-images.farfetch-contents.com/19/06/95/62/19069562_42364995_480.jpg,"XXS,XS,S,M,L,XL",Final Sale,"Jacquemus Bahia mini dress in white with a plunging V-neck and twist detailing at the waist, creating a fluid draped silhouette. Made from viscose 88% and polyamide 12%. Non-returnable; Final Sale. Model is 1.78 m tall.","Viscose 88%, Polyamide 12%",,Dry Clean Only,The model is 1.78 m tall.,19069562.0,213DR0091020
https://www.farfetch.com/cn/shopping/women/diesel-d-aria-dress-item-29533375.aspx,Diesel,D-Aria dress,1802,CNY,3000.0,-40%,https://cdn-images.farfetch-contents.com/29/53/33/75/29533375_59116030_480.jpg,"XXS,XS,S,M,L,XL",New Season,"D-Aria dress in green with adjustable spaghetti straps, sweetheart neckline, and asymmetric hem with tulle trim.",Viscose,,Hand Wash,,29533375.0,A183700KIBJ
https://www.farfetch.com/cn/shopping/women/vivienne-westwood-orb-embellished-ribbed-top-item-30971557.aspx,Vivienne Westwood,orb-embellished ribbed top,1703,CNY,,,https://cdn-images.farfetch-contents.com/30/97/15/57/30971557_60661632_480.jpg,"XS,S,M,L,XL",New Season,"Vivienne Westwood orb-embellished ribbed top in white with orb embroidery; ribbed texture, sleeveless, round neck, cropped.",Cotton,,Read Manufacturer Guidelines,,30971557.0,1G010011J009C
https://www.farfetch.com/cn/shopping/women/ganni-leopard-jersey-t-shirt-item-24942254.aspx,GANNI,leopard jersey T-shirt,789,CNY,,,https://cdn-images.farfetch-contents.com/24/94/22/54/24942254_55194458_480.jpg,"XXS,XS,S,M,L,XL",New Season,"GANNI leopard jersey T-shirt. New Season leopard jersey T-shirt in white/multicolour, made from organic cotton with a jersey texture and leopard print. Features ribbed crew neck, short sleeves, and a logo print to the front with a straight hem. Composition: Organic Cotton. Washing instructions: Machine Wash. Model is 1.76 m tall wearing size S. FARFETCH ID: 24942254. Brand style ID: T4124943. Price: ¥789.",Organic Cotton,,Machine Wash,The model is 1.76 m wearing size S,24942254.0,T4124943
https://www.farfetch.com/cn/shopping/women/twinset-pleated-cut-out-maxi-dress-item-34028463.aspx,TWINSET,pleated cut-out maxi dress,2711,CNY,,,https://cdn-images.farfetch-contents.com/34/02/84/63/34028463_65204714_480.jpg,M,New Season,"TWINSET pleated cut-out maxi dress in rose pink, sleeveless with a pleated skirt, cut-out back and ribbed design. Made in Italy.","Viscose 77%, Metallized Polyester 12%, Polyamide 11%",,Hand Wash,The model is 1.8 m wearing size S,34028463.0,261TP312313373
https://www.farfetch.com/cn/shopping/women/ami-paris-ami-de-coeur-denim-logo-overshirt-item-33115851.aspx,AMI Paris,Ami De Coeur denim logo overshirt,3342,CNY,,,https://cdn-images.farfetch-contents.com/33/11/58/51/33115851_63523105_480.jpg,"XXS,XS,S,M,L,XL,XXL",New Season,"Ami De Coeur denim logo overshirt in indigo denim with snap buttons, logo detail and topstitching.",,,Machine Wash,,33115851.0,E26UJK897DE0046
https://www.farfetch.com/cn/shopping/women/jacquemus-the-gros-grain-t-shirt-item-29711275.aspx,Jacquemus,The Gros Grain T-shirt,1255,CNY,,,https://cdn-images.farfetch-contents.com/29/71/12/75/29711275_59853167_480.jpg,"XXS,XS,S,M,L,XL,XXL,3XL",New Season,"Jacquemus The Gros Grain T-shirt in white with a ribbed crew neck, relaxed fit and an embroidered grosgrain logo on the chest. Organic Cotton.",Organic Cotton,,Machine Wash,The model is 1.87 m tall wearing size M,29711275.0,TSM00133AJ00226
https://www.farfetch.com/cn/shopping/women/self-portrait-guipure-lace-midi-dress-item-32284921.aspx,Self-Portrait,guipure-lace midi dress,3758,CNY,,,https://cdn-images.farfetch-contents.com/32/28/49/21/32284921_63286655_480.jpg,"XS,S,M,L,XL,XXL",New Season,"Self-Portrait guipure-lace midi dress, blue",Polyester,Polyester,Dry Clean Only,Model height: 1.78 m,32284921.0,RS26171MN
https://www.farfetch.com/cn/shopping/women/self-portrait-cream-denim-dress-item-29844489.aspx,Self-Portrait,cream denim dress,2279,CNY,,,https://cdn-images.farfetch-contents.com/29/84/44/89/29844489_59259493_480.jpg,"XS,S",Final Sale,"Self-Portrait cream denim dress. Beige cotton denim dress with front button fastening, four front flap pockets, short sleeves, and curved hem.",Cotton,,Read Manufacturer Guidelines,,29844489.0,PF25811SC
https://www.farfetch.com/cn/shopping/women/ami-paris-ami-de-coeur-two-tone-crochet-patch-t-shirt-item-33115718.aspx,AMI Paris,Ami De Coeur two-tone crochet-patch T-shirt,1635,CNY,,,https://cdn-images.farfetch-contents.com/33/11/57/18/33115718_63532111_480.jpg,"XXS,XS,S,M,L,XL,XXL,3XL",New Season,"AMI Paris Ami De Coeur two-tone crochet-patch T-shirt. Beige two-tone design with crochet patch, raglan sleeves, tonal embroidery, and round neck. Composition: Cotton.",Cotton,,Read Manufacturer Guidelines,,33115718.0,E26UTS379726
https://www.farfetch.com/cn/shopping/women/jacquemus-gros-grain-hooded-sweatshirt-item-30921728.aspx,Jacquemus,Gros Grain hooded sweatshirt,2586,CNY,,,https://cdn-images.farfetch-contents.com/30/92/17/28/30921728_59924160_480.jpg,"XS,S,M,L,XL,XXL",New Season,"Gros Grain hooded sweatshirt in black with a cotton jersey texture and a slouchy hood; features a grosgrain ribbon logo tag at the chest, long sleeves, ribbed cuffs and hem, and a felted lining.",Cotton,felted lining,Read Manufacturer Guidelines,,30921728.0,HOM00247AJ00126
https://www.farfetch.com/cn/shopping/women/ganni-leopard-print-drawstring-trousers-item-22696377.aspx,GANNI,leopard-print drawstring trousers,920,CNY,2295.0,-60%,https://cdn-images.farfetch-contents.com/22/69/63/77/22696377_52977140_480.jpg,"XXS,XS,S,M",Final Sale,"GANNI leopard-print drawstring trousers, an organic cotton blend with elasticated waistband and ankles, featuring all-over leopard print.","Organic Cotton 97%, Elastane 3%",,Machine Wash,,22696377.0,F9356
https://www.farfetch.com/cn/shopping/women/pinko-scopone-midi-dress-item-30379288.aspx,PINKO,Scopone midi dress,2576,CNY,5150.0,-50%,https://cdn-images.farfetch-contents.com/30/37/92/88/30379288_62131190_480.jpg,"XXS,XS,S,M,L,XL",Final Sale,"Scopone midi dress by PINKO in black, featuring embellished neckline, flared sleeves, rear zip, and rear split. Made in Italy. Outer: viscose 98%, elastane 2%; lining: polyester. Final Sale.","Viscose 98%, Elastane 2%",Polyester,Do Not Wash/Do Not Dry Clean,,30379288.0,105583A2Q2
https://www.farfetch.com/cn/shopping/women/ami-paris-ami-de-coeur-buttned-cotton-shirt-item-30097385.aspx,AMI Paris,Ami De Coeur buttned cotton shirt,2310,CNY,,,https://cdn-images.farfetch-contents.com/30/09/73/85/30097385_65614311_480.jpg,"XXS,XS,S,M,L,XL,XXL",New Season,"AMI Paris Ami De Coeur buttoned cotton shirt in blue, featuring front button fastening, embroidered logo at the chest, long sleeves and buttoned cuffs.","Cotton 63%, Recycled Cotton 24%, Recycled Polyester 13%",,Read Manufacturer Guidelines,,30097385.0,E26USH786DE0056
https://www.farfetch.com/cn/shopping/women/toteme-cocoon-tank-dress-item-29696297.aspx,TOTEME,cocoon tank dress,5200,CNY,,,https://cdn-images.farfetch-contents.com/29/69/62/97/29696297_59251524_480.jpg,"XXS,XS,S,M,L,XL",New Season,"TOTEME cocoon tank dress in terracotta orange with scoop neck, sleeveless, draped and layered design.","Lyocell 60%, Viscose 53%, Recycled Polyamide 45%, Organic Cotton 40%, Elastane 2%",,Hand Wash,The model is 1.78 m wearing size S,29696297.0,253WRD0212YA0187
https://www.farfetch.com/cn/shopping/women/ganni-x-disney-graphic-t-shirt-item-32270706.aspx,GANNI,x Disney graphic T-shirt,2015,CNY,,,https://cdn-images.farfetch-contents.com/32/27/07/06/32270706_62845001_480.jpg,"XS,S,M,L",New Season,"New Season GANNI x Disney graphic T-shirt, white with graphic print, round neck, short sleeves. Price ¥2,015.",,,Read Manufacturer Guidelines; The washing method is subject to the commercial washing standard,,32270706.0,A1050098
https://www.farfetch.com/cn/shopping/women/vivienne-westwood-patterned-ruched-midi-dress-item-33259180.aspx,Vivienne Westwood,patterned ruched midi dress,3495,CNY,,,https://cdn-images.farfetch-contents.com/33/25/91/80/33259180_64260859_480.jpg,"XS,S,M",New Season,"Vivienne Westwood patterned ruched midi dress. Purple, logo-patterned, gathered detailing, short sleeves, polo collar, concealed fastening. New Season. Composition: Cotton. Washing instructions: Machine Wash. Model is 1.8 m tall, wearing size S. FARFETCH ID: 33259180. Brand style ID: 16010051J00AVO201.",Cotton,,Machine Wash,"Model is 1.8 m tall, wearing size S",33259180.0,16010051J00AVO201
https://www.farfetch.com/cn/shopping/women/farm-rio-scalloped-floral-print-top-item-33209699.aspx,FARM Rio,scalloped floral-print top,1323,CNY,,,https://cdn-images.farfetch-contents.com/33/20/96/99/33209699_63853021_480.jpg,"XS,L",New Season,"FARM Rio scalloped floral-print top, red, one-shoulder style with floral print, scalloped hem, asymmetric design, trim detail. Outer: Linen/Flax 55%, Viscose 45%. Lining: Viscose. Washing instructions: Machine Wash. The model is 1.77 m tall. FARFETCH ID: 33209699; Brand style ID: 344015.","Linen/Flax 55%, Viscose 45%",Viscose,Machine Wash,The model is 1.77 m tall.,33209699.0,344015
https://www.farfetch.com/cn/shopping/women/polo-ralph-lauren-embellished-sleeveless-dress-item-32359053.aspx,Polo Ralph Lauren,embellished sleeveless dress,6690,CNY,,,https://cdn-images.farfetch-contents.com/32/35/90/53/32359053_62321819_480.jpg,"XS,S,M",New Season,"Polo Ralph Lauren embellished sleeveless dress, red with spaghetti straps, square neck, rear zip fastening, and back slit.",,,Read Manufacturer Guidelines,,32359053.0,211A96361001
https://www.farfetch.com/cn/shopping/women/pinko-belted-midi-dress-item-30380037.aspx,PINKO,belted midi dress,4950,CNY,4950.0,-50%,https://cdn-images.farfetch-contents.com/30/38/00/37/30380037_60306734_480.jpg,"XS,S,M",Final Sale,PINKO belted midi dress in navy blue with a concealed rear zip fastening and a plunging V-neck. Polyester fabric. Final Sale item.,Polyester,,Do Not Wash/Do Not Dry Clean,,30380037.0,105522Y3LE
https://www.farfetch.com/cn/shopping/women/cult-gaia-ritz-gathered-gown-item-33681049.aspx,Cult Gaia,Ritz gathered gown,12186,CNY,,,https://cdn-images.farfetch-contents.com/33/68/10/49/33681049_64480776_480.jpg,"XXS,XS,S,M,L,XL",New Season,"Ritz gathered gown in canary yellow with halterneck, sleeveless, floor-length and open back. Silk. Dry Clean Only.",Silk,,Dry Clean Only,,33681049.0,DR32701CH3284
https://www.farfetch.com/cn/shopping/women/maria-lucia-hohan-yarinna-ruffled-asymmetrical-dress-item-32396023.aspx,Maria Lucia Hohan,Yarinna ruffled asymmetrical dress,12697,CNY,,,https://cdn-images.farfetch-contents.com/32/39/60/23/32396023_62740691_480.jpg,"XS,S,M,L",New Season,"Yarinna ruffled asymmetrical dress in light pink with chain shoulder straps, V-neck, open back, and ruffled details.",,,Read Manufacturer Guidelines,,32396023.0,YARINNAMAXIFOIL
https://www.farfetch.com/cn/shopping/women/polo-ralph-lauren-cable-knit-cropped-cardigan-item-32632665.aspx,Polo Ralph Lauren,cable-knit cropped cardigan,3040,CNY,,,https://cdn-images.farfetch-contents.com/32/63/26/65/32632665_64907956_480.jpg,"XXS,XS,S,M,L,XL,XXL",New Season,"Polo Ralph Lauren cable-knit cropped cardigan, red, cotton, cable knit, button fastening, embroidered logo, contrast trim. New Season.",Cotton,,Read Manufacturer Guidelines,,32632665.0,211A12716
https://www.farfetch.com/cn/shopping/women/manuri-isabelle-lace-bodysuit-item-32713258.aspx,MANURÍ,Isabelle lace bodysuit,3847,CNY,,,https://cdn-images.farfetch-contents.com/32/71/32/58/32713258_63056738_480.jpg,"XXS,XS,S,M,L,XL",New Season,"Isabelle lace bodysuit by MANURÍ. Black with lace trim, deep V-neck, sleeveless. New Season.","Viscose 69%, Polyester 60%, Nylon 40%, Polyamide 19%, Cashmere 7%, Elastane 5%",,Read Manufacturer Guidelines,,32713258.0,MRSS26VICHNY9TP29
https://www.farfetch.com/cn/shopping/women/ami-paris-ami-de-coeur-t-shirt-item-23974246.aspx,AMI Paris,Ami de Coeur T-shirt,1138,CNY,,,https://cdn-images.farfetch-contents.com/23/97/42/46/23974246_65612679_480.jpg,"XXS,XS,S,M,L,XL,XXL,3XL",New Season,"AMI Paris Ami de Coeur T-shirt in white with organic cotton, featuring the Ami de Coeur monogram motif, crew neck, short sleeves, straight hem. Unisex item; sized in standard men's sizing.",Organic Cotton,,Read Manufacturer Guidelines; washing method subject to the commercial washing standard,Unisex item; graded in standard men's sizing,23974246.0,E26BFUTS035724
https://www.farfetch.com/cn/shopping/women/ana-radu-amber-bloom-dress-item-34270092.aspx,Ana Radu,Amber Bloom dress,26655,CNY,,,https://cdn-images.farfetch-contents.com/34/27/00/92/34270092_65307247_480.jpg,"XS,S,M,L,XL",New Season,"Amber Bloom dress by Ana Radu. Brown with floral detail, spaghetti straps, train. New Season.",,,,,34270092.0,262505
https://www.farfetch.com/cn/shopping/women/la-doublej-fringed-scarf-top-item-32367503.aspx,La DoubleJ,fringed scarf top,5965,CNY,,,https://cdn-images.farfetch-contents.com/32/36/75/03/32367503_63122071_480.jpg,"XS,S,M,L,XL",New Season,"La DoubleJ fringed scarf top, blue floral print, fringed trim, sleeveless with zip fastening. Made in Italy. Silk fabric. FARFETCH ID 32367503. Brand style ID TOP0160SIL006LEM02.",Silk,,Read Manufacturer Guidelines,,32367503.0,TOP0160SIL006LEM02
https://www.farfetch.com/cn/shopping/women/pinko-buttoned-blazer-item-30378799.aspx,PINKO,buttoned blazer,2176,CNY,4350.0,-50%,https://cdn-images.farfetch-contents.com/30/37/87/99/30378799_62132562_480.jpg,"XS,S,M,L,XL,XXL",Final Sale,"PINKO buttoned blazer in black. Features a single-breasted front with notched lapels, front button fastening, buttoned sleeves, and welt pockets. Made in Italy. Final Sale.","Polyester 70%, Viscose 23%, Elastane 7%","Acetate 70%, Polyester 30%",Dry Clean Only,,30378799.0,105679A2R9
https://www.farfetch.com/cn/shopping/women/bab-layered-mini-dress-item-30762021.aspx,b+ab,layered mini dress,633,CNY,1403.0,-55%,https://cdn-images.farfetch-contents.com/30/76/20/21/30762021_59739531_480.jpg,XS,Final Sale,b+ab layered mini dress in grey with crew neck and short sleeves.,"Cotton 91%, Spandex/Elastane 9%",,Hand Wash,The model is 1.77 m tall wearing size S,30762021.0,5U704AS
https://www.farfetch.com/cn/shopping/women/ana-radu-fringed-detailed-maxi-dress-item-32732544.aspx,Ana Radu,fringed-detailed maxi dress,29728,CNY,,,https://cdn-images.farfetch-contents.com/32/73/25/44/32732544_63010195_480.jpg,"XS,S,M,L,XL",New Season,"Ana Radu fringed-detailed maxi dress, silver-tone with fringe details and cape; sleeveless; polyester composition. New Season.",Polyester,,Read Manufacturer Guidelines,,32732544.0,47630
https://www.farfetch.com/cn/shopping/women/missoni-scoop-neck-mini-dress-item-32274903.aspx,Missoni,scoop-neck mini dress,11287,CNY,,,https://cdn-images.farfetch-contents.com/32/27/49/03/32274903_63725231_480.jpg,"XS,S,M,L,XL",New Season,"Missoni scoop-neck mini dress. Dark and multicolour zigzag pattern, made in Italy. The item features a scoop neckline and embellishment, with care notes and notes about artisanal variation.","Rayon 69%, Metallised Fibres 16%, Polyamide 15%","Polyamide 77%, Elastane 23%",Dry Clean Only,The model is 1.78 m.,32274903.0,DS26SG1LBC005Y
https://www.farfetch.com/cn/shopping/women/sandro-embellished-collar-denim-shirt-item-32553262.aspx,SANDRO,embellished-collar denim shirt,2460,CNY,,,https://cdn-images.farfetch-contents.com/32/55/32/62/32553262_62913564_480.jpg,"XS,S,M,L,XL",New Season,"embellished-collar denim shirt by SANDRO in blue. Features a point collar, chest patch pocket, long sleeves, buttoned cuffs, and button fastening. Made of cotton. New Season.",Cotton,,Machine Wash,The model is 1.76 m wearing size 1,32553262.0,SFPCM01571
https://www.farfetch.com/cn/shopping/women/courreges-mini-dry-logo-embroidered-minidress-item-19364591.aspx,Courrèges,Mini Dry logo-embroidered minidress,1151,CNY,2300.0,-50%,https://cdn-images.farfetch-contents.com/19/36/45/91/19364591_50217545_480.jpg,"S,L,XL",Final Sale,Courr,Cotton,,Read Manufacturer Guidelines,,19364591.0,223JRO229JS0070
https://www.farfetch.com/cn/shopping/women/ami-paris-ami-de-coeur-embroidered-heart-sweatshirt-item-33115756.aspx,AMI Paris,Ami De Coeur embroidered-heart sweatshirt,3300,CNY,,,https://cdn-images.farfetch-contents.com/33/11/57/56/33115756_63531798_480.jpg,"XS,S,M,L,XL,XXL",Exclusive,Ami De Coeur embroidered-heart sweatshirt,,,Read Manufacturer Guidelines,,33115756.0,E26USW778747
https://www.farfetch.com/cn/shopping/women/anine-bing-miles-sweatshirt-item-33935583.aspx,ANINE BING,Miles sweatshirt,1750,CNY,,,https://cdn-images.farfetch-contents.com/33/93/55/83/33935583_64999429_480.jpg,"XS,S,M,L",New Season,"ANINE BING Miles sweatshirt in dark navy blue with a graphic print. Crew neck, long sleeves, ribbed knit trims. Made from cotton. Washing instruction: Machine Wash. FARFETCH ID: 33935583. Brand style ID: A0812486.",Cotton,,Machine Wash,,33935583.0,A0812486
https://www.farfetch.com/cn/shopping/women/self-portrait-beaded-trim-ribbed-midi-dress-item-32285355.aspx,Self-Portrait,beaded-trim ribbed midi dress,3940,CNY,,,https://cdn-images.farfetch-contents.com/32/28/53/55/32285355_64737876_480.jpg,"XS,S,M",New Season,"Self-Portrait beaded-trim ribbed midi dress, red, with bead-embellished trim, ribbed knit, long sleeve, hook fastening.","Viscose 50%, Polyester 32%, Polyamide 16%, Elastane 2%",,Dry Clean Only,The model is 1.78 m wearing size S,32285355.0,RS26555MR
https://www.farfetch.com/cn/shopping/women/farm-rio-floral-belted-jumpsuit-item-33210867.aspx,FARM Rio,floral belted jumpsuit,2466,CNY,,,https://cdn-images.farfetch-contents.com/33/21/08/67/33210867_63883396_480.jpg,"XS,S,M,L",New Season,FARM Rio floral belted jumpsuit in white floral print with spaghetti straps and a belt. Made from Linen/Flax. New Season.,Linen/Flax,,Hand Wash,The model is 1.77 m tall.,33210867.0,344883
https://www.farfetch.com/cn/shopping/women/zimmermann-lucky-maxi-dress-item-28059874.aspx,ZIMMERMANN,Lucky maxi dress,4901,CNY,11165.0,-55%,https://cdn-images.farfetch-contents.com/28/05/98/74/28059874_59688024_480.jpg,"S,M,XL",Final Sale,"ZIMMERMANN Lucky maxi dress in light beige with concealed rear zip fastening, tied waist, layered details and ruffled detailing. Lining: recycled polyester 86%, elastane 14%. Outer: cotton. Final sale. FARFETCH ID: 28059874. Brand style ID: 4729DSS252.",Cotton,"Recycled Polyester 86%, Elastane 14%",Dry Clean Only,The model is 1.78 m wearing size 1,28059874.0,4729DSS252
https://www.farfetch.com/cn/shopping/women/courreges-logo-patch-contrasting-trim-t-shirt-item-23774469.aspx,Courrèges,logo-patch contrasting-trim T-shirt,1354,CNY,,,https://cdn-images.farfetch-contents.com/23/77/44/69/23774469_53767356_480.jpg,"XS,S,M,L,XL",New Season,"Courrèges logo-patch contrasting-trim T-shirt. New Season. The product features a black cotton jersey texture with a ribbed contrasting border, crew neck, and short sleeves, finished with a logo patch to the front. Composition: Cotton. Washing instructions: Machine Wash. Model: The model is 1.77 m wearing size M. FARFETCH ID: 23774469. Brand style ID: VESJTS017JS00709901.",Cotton,,Machine Wash,The model is 1.77 m wearing size M,23774469.0,VESJTS017JS00709901
https://www.farfetch.com/cn/shopping/women/solace-london-rina-maxi-dress-item-29117904.aspx,Solace London,Rina maxi dress,6724,CNY,,,https://cdn-images.farfetch-contents.com/29/11/79/04/29117904_58357468_480.jpg,XL,New Season,"Solace London Rina maxi dress in light beige with off-shoulder neckline, long sleeves and flared cuffs. Made from polyester; Dry Clean Only. The model is 1.8 m tall and wearing size 8.",Polyester,,Dry Clean Only,The model is 1.8 m wearing size 8,29117904.0,OS39001
https://www.farfetch.com/cn/shopping/women/acler-picadilly-satin-dress-item-22263094.aspx,Acler,Picadilly satin dress,3785,CNY,,,https://cdn-images.farfetch-contents.com/22/26/30/94/22263094_53195343_480.jpg,"S,M,XL",New Season,"Picadilly satin dress in olive green with a satin finish, featuring a crossover neck, long sleeves, rear zip fastening, straight mid-length hem.","Acetate 76%, Polyester 24%",Polyester,Dry Clean Only,The model is 1.8 m wearing size 8,22263094.0,AD2401168D
https://www.farfetch.com/cn/shopping/women/sandro-logo-plaque-sweatshirt-item-32553063.aspx,SANDRO,logo-plaque sweatshirt,2730,CNY,,,https://cdn-images.farfetch-contents.com/32/55/30/63/32553063_64339438_480.jpg,"XS,S,M,L,XL",New Season,"logo-plaque sweatshirt by SANDRO in grey. New Season. Features embroidered logo patch, funnel neck, long sleeves, button closure, and ribbed trims. Outer: Cotton 78%, Polyester 22%; Lining: Cotton. Washing instructions: Machine Wash. FARFETCH ID: 32553063. Brand style ID: SFPSW00769.","Cotton 78%, Polyester 22%",Cotton,Machine Wash,,32553063.0,SFPSW00769
https://www.farfetch.com/cn/shopping/women/enza-costa-twill-bermuda-shorts-item-33186558.aspx,Enza Costa,twill bermuda shorts,1615,CNY,,,https://cdn-images.farfetch-contents.com/33/18/65/58/33186558_65348165_480.jpg,"XS,S,M,L,XL",New Season,Enza Costa twill bermuda shorts in black with elasticated waistband and knee-length silhouette. Made in the United States.,"TENCEL™ 48%, Linen/Flax 30%, Cotton 22%",Viscose,Machine Wash,The model is 1.76 m.,33186558.0,TLT4302
https://www.farfetch.com/cn/shopping/women/iris-serban-iolanda-strapless-pleated-maxi-dress-item-32689163.aspx,Iris Serban,Iolanda strapless-pleated maxi dress,29150,CNY,,,https://cdn-images.farfetch-contents.com/32/68/91/63/32689163_62936580_480.jpg,"XS,S,M,L,XL,XXL",New Season,Iolanda strapless-pleated maxi dress in metallic grey with train and sweetheart neckline.,,,Read Manufacturer Guidelines; washing method subject to commercial standards.,,32689163.0,IOLANDA
https://www.farfetch.com/cn/shopping/women/staud-calluna-ruffled-maxi-dress-item-33418305.aspx,STAUD,Calluna ruffled maxi dress,4796,CNY,,,https://cdn-images.farfetch-contents.com/33/41/83/05/33418305_64510272_480.jpg,"XS,S,M,L",New Season,"STAUD Calluna ruffled maxi dress in thyme green with a ruffled hem, neck tie, and sheer finish. Short sleeves. New Season. The dress features a Polyester outer and a Polyester 95% + Elastane 5% lining. Model is 1.75 m tall and wears size S. FARFETCH ID 33418305. Brand style ID R26R2208OZA.",Polyester,"Polyester 95%, Elastane 5%",Dry Clean Only,"The model is 1.75 m tall, wearing size S.",33418305.0,R26R2208OZA
https://www.farfetch.com/cn/shopping/women/ganni-leopard-print-midi-skirt-item-32270840.aspx,GANNI,leopard-print midi skirt,2447,CNY,,,https://cdn-images.farfetch-contents.com/32/27/08/40/32270840_62239092_480.jpg,"XS,S,M,L,XL",New Season,"GANNI leopard-print midi skirt with brown animal print, adjustable belt, A-line shape and three pockets; made of Organic Cotton 99% and Elastane 1%.","Organic Cotton 99%, Elastane 1%",,Read Manufacturer Guidelines,,32270840.0,A1090089894
https://www.farfetch.com/cn/shopping/women/self-portrait-rhinestoned-embellished-midi-dress-item-32773570.aspx,Self-Portrait,rhinestoned-embellished midi dress,5960,CNY,,,https://cdn-images.farfetch-contents.com/32/77/35/70/32773570_63188457_480.jpg,"XS,S,M,L",New Season,"Self-Portrait rhinestoned-embellished midi dress; gold-tone; features side zip fastening and full lining. Outer: Polyester 95%, Elastane 5%. Lining: Polyester 85%, Elastane 15%. Washing: Dry Clean Only. Model height: 1.75 m. FARFETCH ID: 32773570. Brand style ID: RS26211MGD.","Polyester 95%, Elastane 5%","Polyester 85%, Elastane 15%",Dry Clean Only,The model is 1.75 m.,32773570.0,RS26211MGD
https://www.farfetch.com/cn/shopping/women/2310-studio-lace-panel-mesh-bodysuit-item-33923467.aspx,2310 STUDIO,lace-panel mesh bodysuit,2639,CNY,,,https://cdn-images.farfetch-contents.com/33/92/34/67/33923467_64740803_480.jpg,"XXS,XS,S,M,L,XL",New Season,"2310 STUDIO lace-panel mesh bodysuit in black with mesh design, featuring a lace panel, long sleeves, and a roll neck.","Nylon, Elastane",,Read Manufacturer Guidelines,,33923467.0,FF73
https://www.farfetch.com/cn/shopping/women/polo-ralph-lauren-collared-long-sleeved-blouse-item-32357792.aspx,Polo Ralph Lauren,collared long-sleeved blouse,2290,CNY,,,https://cdn-images.farfetch-contents.com/32/35/77/92/32357792_62321847_480.jpg,"XS,XL",New Season,"Polo Ralph Lauren collared long-sleeved blouse in blue, made of cotton, with front button fastening, long sleeves, wide collar, featuring the Polo Pony motif.",Cotton,,Read Manufacturer Guidelines,,32357792.0,211A96165001
https://www.farfetch.com/cn/shopping/women/pinko-embellished-neckline-sweatshirt-item-30378764.aspx,PINKO,embellished-neckline sweatshirt,2029,CNY,2624.0,-20%,https://cdn-images.farfetch-contents.com/30/37/87/64/30378764_61458653_480.jpg,"S,M",Final Sale,"PINKO embellished-neckline sweatshirt in grey with an embellished neckline; features long sleeves, ribbed cuffs, and a crew neck.","Polyester 74%, Viscose 22%, Elastane 4%",,Hand Wash,,30378764.0,105717A2TL
https://www.farfetch.com/cn/shopping/women/sister-jane-floral-print-mini-dress-item-33199741.aspx,Sister Jane,floral-print mini dress,1803,CNY,,,https://cdn-images.farfetch-contents.com/33/19/97/41/33199741_63743902_480.jpg,XXS,New Season,"Sister Jane floral-print mini dress in black. New season mini dress featuring floral print, ruffle detail, mock neck and puff sleeves.",,,Read Manufacturer Guidelines,,33199741.0,DRD655BLKGBP
https://www.farfetch.com/cn/shopping/women/coperni-emoji-metal-embellished-cotton-tank-top-item-21500963.aspx,Coperni,Emoji metal-embellished cotton tank top,3424,CNY,,,https://cdn-images.farfetch-contents.com/21/50/09/63/21500963_51509364_480.jpg,M,New Season,"Emoji metal-embellished cotton tank top in black, featuring cotton fabric, silver-tone hardware, gathered detailing, an asymmetric neck, a sleeveless design, and a straight hem.",Cotton,,Machine Wash,The model is 1.78 m wearing size XS,21500963.0,COPT41510
https://www.farfetch.com/cn/shopping/women/oscar-de-la-renta-embroidered-sleeveless-gown-item-32189970.aspx,Oscar de la Renta,embroidered sleeveless gown,69556,CNY,,,https://cdn-images.farfetch-contents.com/32/18/99/70/32189970_62136247_480.jpg,"S,M,L",New Season,"Oscar de la Renta embroidered sleeveless gown in black with mother-of-pearl embellishment, square-neck, sleeveless, floor-length, made in Italy. Outer: Virgin Wool 94%, Elastane 5%, Polyamide 1%. Washing instructions: Read Manufacturer Guidelines.","Virgin Wool 94%, Elastane 5%, Polyamide 1%",,Read Manufacturer Guidelines,,32189970.0,26RE616DSWBLK
https://www.farfetch.com/cn/shopping/women/pucci-vivara-print-silk-scarf-skirt-item-34726511.aspx,PUCCI,Vivara-print silk scarf skirt,11219,CNY,,,https://cdn-images.farfetch-contents.com/34/72/65/11/34726511_65927671_480.jpg,"XS,S,M,L",New Season,"Vivara-print silk scarf skirt, made in Italy. Silk twill, asymmetrical cut with contrasting printed edges; scarf-style skirt with natural drape. The Vivara print in khaki and blue creates a bold, timeless look.",Silk,,Dry Clean Only,The model is 176 cm tall and wears Italian size 38,34726511.0,6HRW166H876
https://www.farfetch.com/cn/shopping/women/self-portrait-lace-midi-dress-item-34437116.aspx,Self-Portrait,lace midi dress,4660,CNY,,,https://cdn-images.farfetch-contents.com/34/43/71/16/34437116_65535075_480.jpg,"S,M,L",New Season,"Self-Portrait lace midi dress in pink, with a round neck, short sleeves, lace trim, and a flared hem. Made from a blend of viscose 50%, polyester 32%, polyamide 16%, elastane 2%.","Viscose 50%, Polyester 32%, Polyamide 16%, Elastane 2%",,Read Manufacturer Guidelines; washing method subject to commercial washing standards,,34437116.0,SS26089MB
https://www.farfetch.com/cn/shopping/women/self-portrait-knitted-a-line-mini-dress-item-34727165.aspx,Self-Portrait,knitted A-line mini dress,4032,CNY,,,https://cdn-images.farfetch-contents.com/34/72/71/65/34727165_65859677_480.jpg,"XS,S,M",New Season,"knitted A-line mini dress in black with contrasting trims; features long sleeves, pocket detail, A-line skirt. Outer: Cotton 60%, Linen/Flax 23%, Polyamide 17%; Lining: Viscose 77%, Polyamide 23%.","Cotton 60%, Linen/Flax 23%, Polyamide 17%","Viscose 77%, Polyamide 23%",Read Manufacturer Guidelines,,34727165.0,SS26086SABBLACK
https://www.farfetch.com/cn/shopping/women/ulla-johnson-olga-ruffled-v-neck-midi-dress-item-33923871.aspx,Ulla Johnson,Olga ruffled V-neck midi dress,4045,CNY,8397.0,-45%,https://cdn-images.farfetch-contents.com/33/92/38/71/33923871_64735764_480.jpg,XS,Final Sale,"Ulla Johnson Olga ruffled V-neck midi dress in red with eyelet detailing, ruffled sleeves, tie fastening, V-neck and scalloped hem.",Cotton,,Machine Wash,,33923871.0,FA250136
https://www.farfetch.com/cn/shopping/women/maje-crochet-shirt-item-32634049.aspx,Maje,crochet shirt,3030,CNY,,,https://cdn-images.farfetch-contents.com/32/63/40/49/32634049_65167917_480.jpg,"XS,S,M,L",New Season,"Maje crochet shirt, pink crochet knit with patch pockets and button fastening. Made of recycled polyester. New Season.",Recycled Polyester,,Hand Wash,The model is 1.8 m.,32634049.0,MFPCA00714
https://www.farfetch.com/cn/shopping/women/ana-radu-bloom-dress-item-34270095.aspx,Ana Radu,Bloom dress,25584,CNY,,,https://cdn-images.farfetch-contents.com/34/27/00/95/34270095_65292198_480.jpg,"XS,S,M,L,XL",New Season,"Ana Radu Bloom dress – yellow with floral detail, spaghetti straps, sweetheart neckline.",,,,,34270095.0,262507
https://www.farfetch.com/cn/shopping/women/iris-serban-kaya-dress-item-32015411.aspx,Iris Serban,Kaya dress,28290,CNY,,,https://cdn-images.farfetch-contents.com/32/01/54/11/32015411_61725070_480.jpg,S,New Season,"Kaya dress by Iris Serban in pink silk, strapless, pleated, with a fitted waist and floor-length silhouette.",Silk,,Read Manufacturer Guidelines,,32015411.0,KAYA
https://www.farfetch.com/cn/shopping/women/iris-serban-gisselle-dress-item-32022440.aspx,Iris Serban,Gisselle dress,26073,CNY,,,https://cdn-images.farfetch-contents.com/32/02/24/40/32022440_61769182_480.jpg,S,New Season,"Iris Serban Gisselle dress in burgundy with pleated detailing, sweetheart neckline and strapless, featuring a draped bodice and a floor-length silhouette. New Season.",,,Read Manufacturer Guidelines,,32022440.0,GISELLE
https://www.farfetch.com/cn/shopping/women/araftu-strapless-patterned-midi-dress-item-33107682.aspx,ARAFTU,strapless patterned midi dress,32430,CNY,,,https://cdn-images.farfetch-contents.com/33/10/76/82/33107682_63603292_480.jpg,"XS,S,M,L",New Season,"ARAFTU strapless patterned midi dress in white with a patterned design, featuring a zip fastening and an A-line skirt with scalloped trim.",,,Read Manufacturer Guidelines,,33107682.0,RO01E1125
https://www.farfetch.com/cn/shopping/women/ganni-a-line-minidress-item-27569751.aspx,GANNI,A-line minidress,1323,CNY,2642.0,-50%,https://cdn-images.farfetch-contents.com/27/56/97/51/27569751_57327055_480.jpg,"L,XL",Final Sale,GANNI A-line minidress in light pink with front button fastening; organic cotton.,Organic Cotton,,Read Manufacturer Guidelines,,27569751.0,T4111868
https://www.farfetch.com/cn/shopping/women/self-portrait-polka-dot-pleated-midi-dress-item-34553810.aspx,Self-Portrait,polka dot pleated midi dress,4235,CNY,,,https://cdn-images.farfetch-contents.com/34/55/38/10/34553810_65992773_480.jpg,"XS,S,M,L,XL",New Season,"Self-Portrait polka dot pleated midi dress, blue and white polka dot pattern with a pussy-bow fastening, short sleeves, belt, and a pleated skirt.","Polyester 95%, Elastane 5%",,Dry Clean Only,The model is 1.78 m wearing size 6,34553810.0,SS26200MN
https://www.farfetch.com/cn/shopping/women/diesel-tie-detail-tank-top-item-33326422.aspx,Diesel,tie-detail tank top,844,CNY,,,https://cdn-images.farfetch-contents.com/33/32/64/22/33326422_64001370_480.jpg,"XXS,XS,S,M,L,XL",New Season,"Diesel tie-detail tank top in grey. New Season. Features: tie fastening, tonal logo appliqué. Material: Cotton 96%, Elastane 4%. Washing: Read Manufacturer Guidelines. FARFETCH ID: 33326422; Brand style ID: A210190EJAI098.","Cotton 96%, Elastane 4%",,Read Manufacturer Guidelines,,33326422.0,A210190EJAI098
https://www.farfetch.com/cn/shopping/women/twinset-ruffled-mini-dress-item-27402370.aspx,TWINSET,ruffled mini dress,4762,CNY,,,https://cdn-images.farfetch-contents.com/27/40/23/70/27402370_58193842_480.jpg,"S,M,L,XL",New Season,"TWINSET ruffled mini dress in blush pink, fully ruffled with a layered asymmetric design; made in Italy. Silk material.",Silk,,Read Manufacturer Guidelines; The washing method is subject to the commercial washing standard.,,27402370.0,251TS2184
https://www.farfetch.com/cn/shopping/women/diesel-l-flycou-20th-gilet-item-33731636.aspx,Diesel,L-Flycou-20Th gilet,6411,CNY,,,https://cdn-images.farfetch-contents.com/33/73/16/36/33731636_64525611_480.jpg,"XS,S,M,L",New Season,"L-Flycou-20Th gilet, black calf leather waistcoat with contrasting panels, visible stitching, horizontal stripes, sleeveless, zip fastening.",Calf Leather,,Read Manufacturer Guidelines,,33731636.0,P016530SPCY
https://www.farfetch.com/cn/shopping/women/diesel-bfb-bryna-logo-print-bikini-top-item-22214245.aspx,Diesel,Bfb-Bryna logo-print bikini top,800,CNY,,,https://cdn-images.farfetch-contents.com/22/21/42/45/22214245_52055459_480.jpg,"XXS,XS,S,M,L",New Season,"Bfb-Bryna logo-print bikini top in black with stretch-design, featuring a front logo print, rear tie fastening, strapless. Authentic QR code included. Outer: Nylon 78%, Elastane 22%; Lining: Nylon 85%, Elastane 15%.","Nylon 78%, Elastane 22%","Nylon 85%, Elastane 15%",Hand Wash,,22214245.0,A134170AJIZ
https://www.farfetch.com/cn/shopping/women/maniere-de-voir-aya-balloon-sleeve-hourglass-jacket-item-32280883.aspx,Manière De Voir,Aya balloon-sleeve hourglass jacket,1701,CNY,,,https://cdn-images.farfetch-contents.com/32/28/08/83/32280883_65566001_480.jpg,"XXXS,XXS,L",New Season,"Aya balloon-sleeve hourglass jacket by Manière De Voir in black. Features balloon sleeves, buttons fastening, front darts and cinched waist. Outer: Wool 50%, Polyester 50%; Lining: Polyester.","Wool 50%, Polyester 50%",Polyester,Read Manufacturer Guidelines,,32280883.0,WMN4454
https://www.farfetch.com/cn/shopping/women/norma-kamali-long-sleeve-ruched-dress-item-34526897.aspx,Norma Kamali,long-sleeve ruched dress,4594,CNY,,,https://cdn-images.farfetch-contents.com/34/52/68/97/34526897_65659493_480.jpg,"XS,S,M,L",New Season,Norma Kamali long-sleeve ruched dress,"Polyester 95%, Elastane 5%",,Read Manufacturer Guidelines,,34526897.0,KK1263PLT68838
https://www.farfetch.com/cn/shopping/women/polo-ralph-lauren-striped-short-sleeve-polo-top-item-32359023.aspx,Polo Ralph Lauren,striped short-sleeve polo top,2332,CNY,,,https://cdn-images.farfetch-contents.com/32/35/90/23/32359023_62670277_480.jpg,"XXS,M,XL,XXL",New Season,"Polo Ralph Lauren striped short-sleeve polo top in chocolate brown with a striped pattern; features a polo collar, short sleeves, and is made from cotton.",Cotton,,Read Manufacturer Guidelines,,32359023.0,211A96246001
https://www.farfetch.com/cn/shopping/women/ami-paris-ami-de-coeur-embroidered-sweatshirt-item-33116286.aspx,AMI Paris,Ami De Coeur embroidered sweatshirt,3300,CNY,,,https://cdn-images.farfetch-contents.com/33/11/62/86/33116286_63524602_480.jpg,"XXS,XS,S,M,L,XL,XXL",Exclusive,"Exclusive AMI Paris Ami De Coeur embroidered sweatshirt. Highlights include camel color, Ami De Coeur embroidery, ribbed cuffs, and crew neck. Composition: Cotton. Washing instructions: Read Manufacturer Guidelines. The washing method is subject to the commercial washing standard. FARFETCH ID 33116286. Brand style ID E26USW778747.",Cotton,,Read Manufacturer Guidelines; The washing method is subject to the commercial washing standard.,,33116286.0,E26USW778747
https://www.farfetch.com/cn/shopping/women/zimmermann-lucky-picnic-maxi-dress-item-30014820.aspx,ZIMMERMANN,Lucky Picnic maxi dress,5580,CNY,11227.0,-50%,https://cdn-images.farfetch-contents.com/30/01/48/20/30014820_59047986_480.jpg,"XS,S,M,L",Final Sale,"ZIMMERMANN Lucky Picnic maxi dress in light blue with self-tie bow, rear zip fastening, adjustable spaghetti straps, open back and lace trim.",Cotton,Cotton,Dry Clean Only,,30014820.0,4542DSS252
https://www.farfetch.com/cn/shopping/women/polo-ralph-lauren-cable-knit-buttoned-polo-top-item-32711344.aspx,Polo Ralph Lauren,cable-knit buttoned polo top,2127,CNY,,,https://cdn-images.farfetch-contents.com/32/71/13/44/32711344_63168534_480.jpg,"S,M,XL",New Season,Polo Ralph Lauren cable-knit buttoned polo top in green.,,,Read Manufacturer Guidelines,,32711344.0,211959100500
https://www.farfetch.com/cn/shopping/women/courreges-embroidered-logo-halterneck-top-item-20216466.aspx,Courrèges,embroidered-logo halterneck top,702,CNY,1400.0,-50%,https://cdn-images.farfetch-contents.com/20/21/64/66/20216466_50481550_480.jpg,XL,Final Sale,"Courrèges embroidered-logo halterneck top, white/black, cotton, embroidered logo to the front, halterneck tie fastening, straight hem. The model is 1.77 m wearing size S.",Cotton,,,The model is 1.77 m wearing size S,20216466.0,223JTO169JS0070
